,a,basis,E_CCSD_corr,TDL err
0,3.35,dzvp,-0.12344696271264917,inf
1,3.4,dzvp,-0.12263529440526985,inf
2,3.45,dzvp,-0.12189408538028405,inf
3,3.5,dzvp,-0.12098619859705252,inf
4,3.55,dzvp,-0.11986421479266773,inf
5,3.6,dzvp,-0.11943961424868349,inf
6,3.65,dzvp,-0.11906575121250562,inf
