,a,basis,E_HF,TDL err
0,3.35,dzvp,-14.818796973399346,0.0005043516219078223
1,3.4,dzvp,-14.820341689772876,0.00048501630316879254
2,3.45,dzvp,-14.821584547444031,0.0004523668989186972
3,3.5,dzvp,-14.822512170947233,0.00043555591708443954
4,3.55,dzvp,-14.823152650884534,0.0004222144604707076
5,3.6,dzvp,-14.82353476051106,0.0004088863512906549
6,3.65,dzvp,-14.823667254009896,0.00039568973716443877
