,a,basis,E_CCSD_corr,TDL err
0,3.35,dzvp,-0.05684844498642824,inf
1,3.4,dzvp,-0.05618901815474467,inf
2,3.45,dzvp,-0.055547189014030544,inf
3,3.5,dzvp,-0.054922426145341,inf
4,3.55,dzvp,-0.05431430378041958,inf
5,3.6,dzvp,-0.053722501867688184,inf
6,3.65,dzvp,-0.05314680802889345,inf
