,a,basis,E_HF,TDL err
0,3.9,dzvp,-7.729419886350616,0.00150662497171449
1,3.95,dzvp,-7.736513053474748,0.001451242619464822
2,4.0,dzvp,-7.741225879402266,0.001384316465328718
3,4.05,dzvp,-7.74381347093761,0.001302473745247122
4,4.1,dzvp,-7.744511162750898,0.0012023095165076554
5,4.15,dzvp,-7.743537263764128,0.0010852334145478688
6,4.2,dzvp,-7.741111574962679,0.0009832978837241665
